Norma,RR,Time
cos,78.75,0.21492210924625396
infinit,17.5,0.07103231549263
1,85.0,0.07364767789840698
2,81.25,0.11234647035598755
