Norma,RR,Time
cos,88.75,0.16981783807277678
infinit,21.25,0.06021357476711273
1,97.5,0.06000624299049377
2,93.75,0.09463801681995392
