Norma,RR,Time
cos,93.75,0.18078301846981049
infinit,23.75,0.06623038351535797
1,92.5,0.06266327202320099
2,92.5,0.2620986044406891
