Norma,RR,Time
cos,92.5,0.18161271512508392
infinit,23.75,0.05764486789703369
1,96.25,0.05992131233215332
2,95.0,0.10207667648792267
