Norma,RR,Time
cos,90.0,0.25260157883167267
infinit,18.75,0.08255787193775177
1,86.25,0.0802335262298584
2,81.25,0.11547192931175232
