Norma,RR,Time
cos,92.5,0.16599524021148682
infinit,23.75,0.0556382566690445
1,96.25,0.060109499096870425
2,93.75,0.09698895812034607
